rok_szkolny,semestr,Dziennik,wszystkich,nieobecnych,frekwencja_pct,rocznik,numer_klasy,sufiks,sort_rok,sort_sem
2020/2021,I,1M,7575,1789,76.4,2020,1,M,0,0
2020/2021,II,1M,9705,2707,72.1,2020,1,M,0,1
2021/2022,I,1M,8835,1727,80.5,2021,1,M,1,0
2021/2022,II,1M,8563,2014,76.5,2021,1,M,1,1
2023/2024,I,1M,11515,2752,76.1,2023,1,M,3,0
2023/2024,II,1M,13467,4948,63.3,2023,1,M,3,1
2024/2025,I,1M,6297,1583,74.9,2024,1,M,4,0
2024/2025,II,1M,9295,3094,66.7,2024,1,M,4,1
2025/2026,I,1M,7557,2145,71.6,2025,1,M,5,0
2025/2026,II,1M,10870,5091,53.2,2025,1,M,5,1
2022/2023,I,1MK,17289,3273,81.1,2022,1,MK,2,0
2022/2023,II,1MK,13076,3507,73.2,2022,1,MK,2,1
2024/2025,I,1RŻ,9841,2103,78.6,2024,1,RŻ,4,0
2024/2025,II,1RŻ,12690,3756,70.4,2024,1,RŻ,4,1
2021/2022,I,1RŻ5,17572,2488,85.8,2021,1,RŻ5,1,0
2021/2022,II,1RŻ5,16379,3933,76.0,2021,1,RŻ5,1,1
2020/2021,I,1TM5,9164,1275,86.1,2020,1,TM5,0,0
2020/2021,II,1TM5,11911,1893,84.1,2020,1,TM5,0,1
2021/2022,I,1TM5,15330,2446,84.0,2021,1,TM5,1,0
2021/2022,II,1TM5,14042,2527,82.0,2021,1,TM5,1,1
2022/2023,I,1TM5,17536,2274,87.0,2022,1,TM5,2,0
2022/2023,II,1TM5,12145,2979,75.5,2022,1,TM5,2,1
2023/2024,I,1TMR,14840,2134,85.6,2023,1,TMR,3,0
2023/2024,II,1TMR,15647,4387,72.0,2023,1,TMR,3,1
2024/2025,I,1TMR,9388,1362,85.5,2024,1,TMR,4,0
2024/2025,II,1TMR,12342,3336,73.0,2024,1,TMR,4,1
2025/2026,I,1TMR,11992,1543,87.1,2025,1,TMR,5,0
2025/2026,II,1TMR,16386,3840,76.6,2025,1,TMR,5,1
2023/2024,I,1TR,14938,2717,81.8,2023,1,TR,3,0
2023/2024,II,1TR,14583,4093,71.9,2023,1,TR,3,1
2025/2026,I,1TR,10675,1533,85.6,2025,1,TR,5,0
2025/2026,II,1TR,13617,3763,72.4,2025,1,TR,5,1
2022/2023,I,1TR5,15163,2508,83.5,2022,1,TR5,2,0
2022/2023,II,1TR5,9348,2943,68.5,2022,1,TR5,2,1
2023/2024,I,1TW,15780,2507,84.1,2023,1,TW,3,0
2023/2024,II,1TW,16043,4400,72.6,2023,1,TW,3,1
2024/2025,I,1TW,9727,1457,85.0,2024,1,TW,4,0
2024/2025,II,1TW,13090,3547,72.9,2024,1,TW,4,1
2025/2026,I,1TW,13881,1363,90.2,2025,1,TW,5,0
2025/2026,II,1TW,18084,4445,75.4,2025,1,TW,5,1
2020/2021,I,1TW5,7728,556,92.8,2020,1,TW5,0,0
2020/2021,II,1TW5,9320,986,89.4,2020,1,TW5,0,1
2021/2022,I,1TW5,15565,2339,85.0,2021,1,TW5,1,0
2021/2022,II,1TW5,14054,3282,76.6,2021,1,TW5,1,1
2022/2023,I,1TW5,18311,2436,86.7,2022,1,TW5,2,0
2022/2023,II,1TW5,11818,3248,72.5,2022,1,TW5,2,1
2023/2024,I,1TŻ,17922,2587,85.6,2023,1,TŻ,3,0
2023/2024,II,1TŻ,18977,4421,76.7,2023,1,TŻ,3,1
2025/2026,I,1TŻ,12614,2022,84.0,2025,1,TŻ,5,0
2025/2026,II,1TŻ,17299,5469,68.4,2025,1,TŻ,5,1
2020/2021,I,1TŻ5,8470,1237,85.4,2020,1,TŻ5,0,0
2020/2021,II,1TŻ5,10685,1858,82.6,2020,1,TŻ5,0,1
2022/2023,I,1TŻ5,16293,1748,89.3,2022,1,TŻ5,2,0
2022/2023,II,1TŻ5,10572,2830,73.2,2022,1,TŻ5,2,1
2021/2022,I,2M,9021,2735,69.7,2020,2,M,1,0
2021/2022,II,2M,9024,4031,55.3,2020,2,M,1,1
2022/2023,I,2M,9654,2331,75.9,2021,2,M,2,0
2022/2023,II,2M,6410,2650,58.7,2021,2,M,2,1
2024/2025,I,2M,10944,3053,72.1,2023,2,M,4,0
2024/2025,II,2M,15237,5742,62.3,2023,2,M,4,1
2025/2026,I,2M,7735,1741,77.5,2024,2,M,5,0
2025/2026,II,2M,10872,3723,65.8,2024,2,M,5,1
2020/2021,I,2MK,9515,2816,70.4,2019,2,MK,0,0
2020/2021,II,2MK,12886,4393,65.9,2019,2,MK,0,1
2023/2024,I,2MK,17208,4732,72.5,2022,2,MK,3,0
2023/2024,II,2MK,18673,7295,60.9,2022,2,MK,3,1
2020/2021,I,2RŻ5,14703,2668,81.9,2019,2,RŻ5,0,0
2020/2021,II,2RŻ5,17780,4823,72.9,2019,2,RŻ5,0,1
2022/2023,I,2RŻ5,18914,2773,85.3,2021,2,RŻ5,2,0
2022/2023,II,2RŻ5,11051,3388,69.3,2021,2,RŻ5,2,1
2020/2021,I,2TM5,10494,1165,88.9,2019,2,TM5,0,0
2020/2021,II,2TM5,12551,2321,81.5,2019,2,TM5,0,1
2021/2022,I,2TM5,11718,2589,77.9,2020,2,TM5,1,0
2021/2022,II,2TM5,9382,1857,80.2,2020,2,TM5,1,1
2022/2023,I,2TM5,17090,3385,80.2,2021,2,TM5,2,0
2022/2023,II,2TM5,9372,2976,68.2,2021,2,TM5,2,1
2023/2024,I,2TM5,14357,3226,77.5,2022,2,TM5,3,0
2023/2024,II,2TM5,13193,4179,68.3,2022,2,TM5,3,1
2020/2021,I,2TMR,12619,2621,79.2,2019,2,TMR,0,0
2020/2021,II,2TMR,13982,3081,78.0,2019,2,TMR,0,1
2024/2025,I,2TMR,14347,2873,80.0,2023,2,TMR,4,0
2024/2025,II,2TMR,16969,5610,66.9,2023,2,TMR,4,1
2025/2026,I,2TMŻ,15332,3121,79.6,2024,2,TMŻ,5,0
2025/2026,II,2TMŻ,18288,5802,68.3,2024,2,TMŻ,5,1
2020/2021,I,2TR,9458,2149,77.3,2019,2,TR,0,0
2020/2021,II,2TR,10512,2757,73.8,2019,2,TR,0,1
2024/2025,I,2TR,11708,2321,80.2,2023,2,TR,4,0
2024/2025,II,2TR,15213,5271,65.4,2023,2,TR,4,1
2023/2024,I,2TR5,9832,1911,80.6,2022,2,TR5,3,0
2023/2024,II,2TR5,9429,3068,67.5,2022,2,TR5,3,1
2024/2025,I,2TW,14155,3174,77.6,2023,2,TW,4,0
2024/2025,II,2TW,16471,5685,65.5,2023,2,TW,4,1
2025/2026,I,2TW,10276,1655,83.9,2024,2,TW,5,0
2025/2026,II,2TW,11739,4074,65.3,2024,2,TW,5,1
2021/2022,I,2TW5,8877,1809,79.6,2020,2,TW5,1,0
2021/2022,II,2TW5,6160,1410,77.1,2020,2,TW5,1,1
2022/2023,I,2TW5,17453,2499,85.7,2021,2,TW5,2,0
2022/2023,II,2TW5,9072,2447,73.0,2021,2,TW5,2,1
2023/2024,I,2TW5,14317,2425,83.1,2022,2,TW5,3,0
2023/2024,II,2TW5,12755,4076,68.0,2022,2,TW5,3,1
2020/2021,I,2TŻ,12917,2013,84.4,2019,2,TŻ,0,0
2020/2021,II,2TŻ,13963,2574,81.6,2019,2,TŻ,0,1
2024/2025,I,2TŻ,15468,2869,81.5,2023,2,TŻ,4,0
2024/2025,II,2TŻ,19388,5161,73.4,2023,2,TŻ,4,1
2021/2022,I,2TŻ5,7701,1569,79.6,2020,2,TŻ5,1,0
2021/2022,II,2TŻ5,8307,2368,71.5,2020,2,TŻ5,1,1
2023/2024,I,2TŻ5,13720,2540,81.5,2022,2,TŻ5,3,0
2023/2024,II,2TŻ5,13212,4082,69.1,2022,2,TŻ5,3,1
2020/2021,I,3M,6650,2877,56.7,2018,3,M,0,0
2020/2021,II,3M,8750,4465,49.0,2018,3,M,0,1
2022/2023,I,3M,10118,3759,62.8,2020,3,M,2,0
2022/2023,II,3M,6227,2289,63.2,2020,3,M,2,1
2023/2024,I,3M,7514,2869,61.8,2021,3,M,3,0
2023/2024,II,3M,8125,3352,58.7,2021,3,M,3,1
2025/2026,I,3M,10493,3673,65.0,2023,3,M,5,0
2025/2026,II,3M,14483,6562,54.7,2023,3,M,5,1
2021/2022,I,3MK,10508,3428,67.4,2019,3,MK,1,0
2021/2022,II,3MK,9682,4195,56.7,2019,3,MK,1,1
2024/2025,I,3MK,15167,4624,69.5,2022,3,MK,4,0
2024/2025,II,3MK,21109,9111,56.8,2022,3,MK,4,1
2021/2022,I,3RŻ5,17161,4604,73.2,2019,3,RŻ5,1,0
2021/2022,II,3RŻ5,14608,5024,65.6,2019,3,RŻ5,1,1
2023/2024,I,3RŻ5,16002,3504,78.1,2021,3,RŻ5,3,0
2023/2024,II,3RŻ5,15269,5183,66.1,2021,3,RŻ5,3,1
2021/2022,I,3TM5,13442,2584,80.8,2019,3,TM5,1,0
2021/2022,II,3TM5,11308,3247,71.3,2019,3,TM5,1,1
2022/2023,I,3TM5,12608,2797,77.8,2020,3,TM5,2,0
2022/2023,II,3TM5,7025,2775,60.5,2020,3,TM5,2,1
2023/2024,I,3TM5,14633,3303,77.4,2021,3,TM5,3,0
2023/2024,II,3TM5,13702,5621,59.0,2021,3,TM5,3,1
2024/2025,I,3TM5,11360,2955,74.0,2022,3,TM5,4,0
2024/2025,II,3TM5,14340,6165,57.0,2022,3,TM5,4,1
2021/2022,I,3TMR,14762,4827,67.3,2019,3,TMR,1,0
2021/2022,II,3TMR,10902,3872,64.5,2019,3,TMR,1,1
2025/2026,I,3TMR,12575,3890,69.1,2023,3,TMR,5,0
2025/2026,II,3TMR,14745,6437,56.3,2023,3,TMR,5,1
2021/2022,I,3TR,10947,2798,74.4,2019,3,TR,1,0
2021/2022,II,3TR,8245,2647,67.9,2019,3,TR,1,1
2025/2026,I,3TR,11235,2648,76.4,2023,3,TR,5,0
2025/2026,II,3TR,14080,5951,57.7,2023,3,TR,5,1
2024/2025,I,3TR5,8867,2401,72.9,2022,3,TR5,4,0
2024/2025,II,3TR5,12179,4403,63.8,2022,3,TR5,4,1
2020/2021,I,3TRM,13892,2510,81.9,2018,3,TRM,0,0
2020/2021,II,3TRM,18113,5088,71.9,2018,3,TRM,0,1
2025/2026,I,3TW,13166,3713,71.8,2023,3,TW,5,0
2025/2026,II,3TW,17315,7661,55.8,2023,3,TW,5,1
2022/2023,I,3TW5,10426,1640,84.3,2020,3,TW5,2,0
2022/2023,II,3TW5,7007,2343,66.6,2020,3,TW5,2,1
2023/2024,I,3TW5,14122,2806,80.1,2021,3,TW5,3,0
2023/2024,II,3TW5,15118,4484,70.3,2021,3,TW5,3,1
2024/2025,I,3TW5,12892,3050,76.3,2022,3,TW5,4,0
2024/2025,II,3TW5,17127,6541,61.8,2022,3,TW5,4,1
2020/2021,I,3TŻ,9338,1488,84.1,2018,3,TŻ,0,0
2020/2021,II,3TŻ,14358,2315,83.9,2018,3,TŻ,0,1
2021/2022,I,3TŻ,13062,3490,73.3,2019,3,TŻ,1,0
2021/2022,II,3TŻ,10087,3422,66.1,2019,3,TŻ,1,1
2025/2026,I,3TŻ,14156,3044,78.5,2023,3,TŻ,5,0
2025/2026,II,3TŻ,16626,5870,64.7,2023,3,TŻ,5,1
2022/2023,I,3TŻ5,10225,2553,75.0,2020,3,TŻ5,2,0
2022/2023,II,3TŻ5,5641,1692,70.0,2020,3,TŻ5,2,1
2024/2025,I,3TŻ5,11361,2121,81.3,2022,3,TŻ5,4,0
2024/2025,II,3TŻ5,13868,3942,71.6,2022,3,TŻ5,4,1
2022/2023,I,4RŻ5,16184,4461,72.4,2019,4,RŻ5,2,0
2022/2023,II,4RŻ5,13601,5863,56.9,2019,4,RŻ5,2,1
2024/2025,I,4RŻ5,9738,2447,74.9,2021,4,RŻ5,4,0
2024/2025,II,4RŻ5,17378,6260,64.0,2021,4,RŻ5,4,1
2022/2023,I,4TM5,11484,1957,83.0,2019,4,TM5,2,0
2022/2023,II,4TM5,8954,2903,67.6,2019,4,TM5,2,1
2023/2024,I,4TM5,6964,1742,75.0,2020,4,TM5,3,0
2023/2024,II,4TM5,9880,4577,53.7,2020,4,TM5,3,1
2024/2025,I,4TM5,9752,2057,78.9,2021,4,TM5,4,0
2024/2025,II,4TM5,16913,6035,64.3,2021,4,TM5,4,1
2025/2026,I,4TM5,8070,2037,74.8,2022,4,TM5,5,0
2025/2026,II,4TM5,13669,5059,63.0,2022,4,TM5,5,1
2022/2023,I,4TMR,15801,5783,63.4,2019,4,TMR,2,0
2022/2023,II,4TMR,6095,3414,44.0,2019,4,TMR,2,1
2022/2023,I,4TR,11118,2817,74.7,2019,4,TR,2,0
2022/2023,II,4TR,4454,1904,57.3,2019,4,TR,2,1
2025/2026,I,4TR5,5970,1578,73.6,2022,4,TR5,5,0
2025/2026,II,4TR5,10264,4009,60.9,2022,4,TR5,5,1
2020/2021,I,4TRM,11363,3544,68.8,2017,4,TRM,0,0
2020/2021,II,4TRM,11317,3130,72.3,2017,4,TRM,0,1
2021/2022,I,4TRM,14569,4444,69.5,2018,4,TRM,1,0
2021/2022,II,4TRM,8359,3516,57.9,2018,4,TRM,1,1
2023/2024,I,4TW5,6175,1159,81.2,2020,4,TW5,3,0
2023/2024,II,4TW5,8487,2133,74.9,2020,4,TW5,3,1
2024/2025,I,4TW5,8946,1609,82.0,2021,4,TW5,4,0
2024/2025,II,4TW5,16068,4384,72.7,2021,4,TW5,4,1
2025/2026,I,4TW5,8792,1966,77.6,2022,4,TW5,5,0
2025/2026,II,4TW5,15252,5941,61.0,2022,4,TW5,5,1
2020/2021,I,4TŻ,12667,3528,72.1,2017,4,TŻ,0,0
2020/2021,II,4TŻ,11763,2855,75.7,2017,4,TŻ,0,1
2021/2022,I,4TŻ,11786,2661,77.4,2018,4,TŻ,1,0
2021/2022,II,4TŻ,6922,2162,68.8,2018,4,TŻ,1,1
2022/2023,I,4TŻ,14000,3677,73.7,2019,4,TŻ,2,0
2022/2023,II,4TŻ,5720,2388,58.3,2019,4,TŻ,2,1
2023/2024,I,4TŻ5,5664,1786,68.5,2020,4,TŻ5,3,0
2023/2024,II,4TŻ5,8009,3011,62.4,2020,4,TŻ5,3,1
2025/2026,I,4TŻ5,7596,1869,75.4,2022,4,TŻ5,5,0
2025/2026,II,4TŻ5,12371,5429,56.1,2022,4,TŻ5,5,1
2023/2024,I,5RŻ5,13685,4485,67.2,2019,5,RŻ5,3,0
2023/2024,II,5RŻ5,9539,4300,54.9,2019,5,RŻ5,3,1
2025/2026,I,5RŻ5,10218,2648,74.1,2021,5,RŻ5,5,0
2025/2026,II,5RŻ5,8280,3388,59.1,2021,5,RŻ5,5,1
2023/2024,I,5TM5,10901,1938,82.2,2019,5,TM5,3,0
2023/2024,II,5TM5,7381,2851,61.4,2019,5,TM5,3,1
2024/2025,I,5TM5,8190,2630,67.9,2020,5,TM5,4,0
2024/2025,II,5TM5,6656,3656,45.1,2020,5,TM5,4,1
2025/2026,I,5TM5,9720,3168,67.4,2021,5,TM5,5,0
2025/2026,II,5TM5,7909,4087,48.3,2021,5,TM5,5,1
2024/2025,I,5TW5,5674,1601,71.8,2020,5,TW5,4,0
2024/2025,II,5TW5,4476,1651,63.1,2020,5,TW5,4,1
2025/2026,I,5TW5,9936,2589,73.9,2021,5,TW5,5,0
2025/2026,II,5TW5,7379,2923,60.4,2021,5,TW5,5,1
2024/2025,I,5TŻ5,5332,1237,76.8,2020,5,TŻ5,4,0
2024/2025,II,5TŻ5,4128,1616,60.9,2020,5,TŻ5,4,1
