rok_szkolny,semestr,Dziennik,liczba_uczniow,liczba_odstajacych,frekwencja_z_odstajacymi,frekwencja_bez_odstajacych,pct_odstajacych
2020/2021,I,1M,15.0,0.0,76.4,76.4,0.0
2020/2021,I,1TM5,21.0,0.0,86.3,86.3,0.0
2020/2021,I,1TW5,14.0,3.0,92.8,96.2,21.4
2020/2021,I,1TŻ5,15.0,0.0,85.4,85.4,0.0
2020/2021,I,2MK,24.0,0.0,73.1,73.1,0.0
2020/2021,I,2RŻ5,30.0,0.0,81.9,81.9,0.0
2020/2021,I,2TM5,22.0,0.0,88.9,88.9,0.0
2020/2021,I,2TMR,22.0,2.0,79.2,82.3,9.1
2020/2021,I,2TR,18.0,0.0,77.3,77.3,0.0
2020/2021,I,2TŻ,23.0,3.0,84.4,89.3,13.0
2020/2021,I,3M,14.0,0.0,56.7,56.7,0.0
2020/2021,I,3TRM,26.0,1.0,82.0,83.0,3.8
2020/2021,I,3TŻ,20.0,0.0,84.1,84.1,0.0
2020/2021,I,4TRM,23.0,1.0,68.3,70.0,4.3
2020/2021,I,4TŻ,25.0,1.0,72.2,73.9,4.0
2020/2021,II,1M,15.0,0.0,72.1,72.1,0.0
2020/2021,II,1TM5,21.0,0.0,84.3,84.3,0.0
2020/2021,II,1TW5,14.0,0.0,89.0,89.0,0.0
2020/2021,II,1TŻ5,15.0,1.0,80.4,85.2,6.7
2020/2021,II,2MK,24.0,1.0,69.1,72.0,4.2
2020/2021,II,2RŻ5,30.0,0.0,73.2,73.2,0.0
2020/2021,II,2TM5,22.0,0.0,81.7,81.7,0.0
2020/2021,II,2TMR,22.0,0.0,78.0,78.0,0.0
2020/2021,II,2TR,18.0,1.0,73.8,76.8,5.6
2020/2021,II,2TŻ,23.0,1.0,78.5,81.8,4.3
2020/2021,II,3M,14.0,0.0,49.0,49.0,0.0
2020/2021,II,3TRM,26.0,0.0,72.0,72.0,0.0
2020/2021,II,3TŻ,20.0,0.0,84.1,84.1,0.0
2020/2021,II,4TRM,23.0,0.0,71.9,71.9,0.0
2020/2021,II,4TŻ,25.0,1.0,75.7,77.5,4.0
2021/2022,I,1M,15.0,1.0,80.4,82.3,6.7
2021/2022,I,1RŻ5,28.0,1.0,85.6,87.0,3.6
2021/2022,I,1TM5,23.0,1.0,84.0,85.0,4.3
2021/2022,I,1TW5,24.0,0.0,85.0,85.0,0.0
2021/2022,I,2M,16.0,0.0,68.9,68.9,0.0
2021/2022,I,2TM5,21.0,0.0,77.3,77.3,0.0
2021/2022,I,2TW5,13.0,0.0,79.6,79.6,0.0
2021/2022,I,2TŻ5,14.0,0.0,79.2,79.2,0.0
2021/2022,I,3MK,23.0,3.0,66.7,73.8,13.0
2021/2022,I,3RŻ5,30.0,1.0,73.4,74.5,3.3
2021/2022,I,3TM5,22.0,0.0,80.8,80.8,0.0
2021/2022,I,3TMR,23.0,0.0,67.2,67.2,0.0
2021/2022,I,3TR,17.0,0.0,74.4,74.4,0.0
2021/2022,I,3TŻ,21.0,1.0,73.3,75.1,4.8
2021/2022,I,4TRM,25.0,0.0,69.5,69.5,0.0
2021/2022,I,4TŻ,20.0,1.0,77.4,79.9,5.0
2021/2022,II,1M,16.0,0.0,76.5,76.5,0.0
2021/2022,II,1RŻ5,27.0,3.0,76.0,80.1,11.1
2021/2022,II,1TM5,23.0,1.0,82.0,83.0,4.3
2021/2022,II,1TW5,24.0,1.0,76.7,78.1,4.2
2021/2022,II,2M,16.0,2.0,55.3,62.5,12.5
2021/2022,II,2TM5,19.0,0.0,80.4,80.4,0.0
2021/2022,II,2TW5,13.0,0.0,77.1,77.1,0.0
2021/2022,II,2TŻ5,13.0,0.0,71.5,71.5,0.0
2021/2022,II,3MK,23.0,2.0,57.1,61.8,8.7
2021/2022,II,3RŻ5,30.0,2.0,65.3,67.6,6.7
2021/2022,II,3TM5,22.0,1.0,71.3,72.4,4.5
2021/2022,II,3TMR,23.0,0.0,64.5,64.5,0.0
2021/2022,II,3TR,17.0,0.0,67.9,67.9,0.0
2021/2022,II,3TŻ,21.0,1.0,65.0,67.7,4.8
2021/2022,II,4TRM,25.0,0.0,58.0,58.0,0.0
2021/2022,II,4TŻ,20.0,1.0,67.0,70.5,5.0
2022/2023,I,1MK,33.0,0.0,80.0,80.0,0.0
2022/2023,I,1TM5,23.0,0.0,86.4,86.4,0.0
2022/2023,I,1TR5,21.0,2.0,84.0,86.0,9.5
2022/2023,I,1TW5,24.0,1.0,86.7,87.6,4.2
2022/2023,I,1TŻ5,24.0,0.0,88.6,88.6,0.0
2022/2023,I,2M,14.0,0.0,75.9,75.9,0.0
2022/2023,I,2RŻ5,25.0,0.0,85.3,85.3,0.0
2022/2023,I,2TM5,22.0,1.0,80.2,80.9,4.5
2022/2023,I,2TW5,23.0,0.0,85.7,85.7,0.0
2022/2023,I,3M,14.0,0.0,62.7,62.7,0.0
2022/2023,I,3TM5,19.0,1.0,77.9,79.0,5.3
2022/2023,I,3TW5,13.0,0.0,84.3,84.3,0.0
2022/2023,I,3TŻ5,13.0,0.0,75.0,75.0,0.0
2022/2023,I,4RŻ5,29.0,2.0,72.5,74.5,6.9
2022/2023,I,4TM5,22.0,0.0,82.9,82.9,0.0
2022/2023,I,4TMR,23.0,0.0,63.4,63.4,0.0
2022/2023,I,4TR,17.0,0.0,74.7,74.7,0.0
2022/2023,I,4TŻ,20.0,0.0,73.7,73.7,0.0
2022/2023,II,1MK,30.0,1.0,73.5,75.6,3.3
2022/2023,II,1TM5,23.0,0.0,75.1,75.1,0.0
2022/2023,II,1TR5,19.0,0.0,68.6,68.6,0.0
2022/2023,II,1TW5,24.0,0.0,72.5,72.5,0.0
2022/2023,II,1TŻ5,22.0,1.0,73.2,74.8,4.5
2022/2023,II,2M,14.0,1.0,58.4,62.5,7.1
2022/2023,II,2RŻ5,25.0,0.0,69.3,69.3,0.0
2022/2023,II,2TM5,22.0,0.0,68.2,68.2,0.0
2022/2023,II,2TW5,23.0,0.0,73.0,73.0,0.0
2022/2023,II,3M,13.0,0.0,63.2,63.2,0.0
2022/2023,II,3TM5,19.0,0.0,60.6,60.6,0.0
2022/2023,II,3TW5,13.0,0.0,66.6,66.6,0.0
2022/2023,II,3TŻ5,13.0,0.0,70.0,70.0,0.0
2022/2023,II,4RŻ5,29.0,0.0,57.1,57.1,0.0
2022/2023,II,4TM5,22.0,0.0,67.6,67.6,0.0
2022/2023,II,4TMR,23.0,0.0,44.0,44.0,0.0
2022/2023,II,4TR,17.0,1.0,57.3,58.7,5.9
2022/2023,II,4TŻ,20.0,0.0,58.3,58.3,0.0
2023/2024,I,1M,22.0,1.0,75.9,77.3,4.5
2023/2024,I,1TMR,25.0,1.0,85.5,86.8,4.0
2023/2024,I,1TR,26.0,0.0,80.8,80.8,0.0
2023/2024,I,1TW,25.0,0.0,84.1,84.1,0.0
2023/2024,I,1TŻ,29.0,2.0,85.6,87.3,6.9
2023/2024,I,2MK,31.0,1.0,72.7,74.0,3.2
2023/2024,I,2TM5,22.0,0.0,78.0,78.0,0.0
2023/2024,I,2TR5,15.0,0.0,80.5,80.5,0.0
2023/2024,I,2TW5,23.0,0.0,83.0,83.0,0.0
2023/2024,I,2TŻ5,22.0,2.0,81.3,83.8,9.1
2023/2024,I,3M,13.0,0.0,61.8,61.8,0.0
2023/2024,I,3RŻ5,26.0,1.0,77.0,79.3,3.8
2023/2024,I,3TM5,23.0,1.0,77.4,78.6,4.3
2023/2024,I,3TW5,22.0,0.0,80.1,80.1,0.0
2023/2024,I,4TM5,18.0,0.0,75.0,75.0,0.0
2023/2024,I,4TW5,13.0,0.0,81.2,81.2,0.0
2023/2024,I,4TŻ5,12.0,1.0,68.4,70.5,8.3
2023/2024,I,5RŻ5,29.0,0.0,67.2,67.2,0.0
2023/2024,I,5TM5,22.0,1.0,82.2,83.5,4.5
2023/2024,II,1M,24.0,2.0,62.3,67.7,8.3
2023/2024,II,1TMR,24.0,0.0,71.9,71.9,0.0
2023/2024,II,1TR,22.0,0.0,71.7,71.7,0.0
2023/2024,II,1TW,25.0,0.0,72.4,72.4,0.0
2023/2024,II,1TŻ,29.0,1.0,76.8,77.8,3.4
2023/2024,II,2MK,33.0,1.0,59.3,60.8,3.0
2023/2024,II,2TM5,21.0,0.0,68.2,68.2,0.0
2023/2024,II,2TR5,15.0,3.0,67.4,70.5,20.0
2023/2024,II,2TW5,23.0,1.0,68.0,69.2,4.3
2023/2024,II,2TŻ5,22.0,0.0,69.0,69.0,0.0
2023/2024,II,3M,13.0,0.0,58.7,58.7,0.0
2023/2024,II,3RŻ5,26.0,0.0,65.7,65.7,0.0
2023/2024,II,3TM5,23.0,0.0,59.0,59.0,0.0
2023/2024,II,3TW5,22.0,1.0,70.4,72.1,4.5
2023/2024,II,4TM5,18.0,1.0,53.7,55.0,5.6
2023/2024,II,4TW5,13.0,2.0,74.9,82.3,15.4
2023/2024,II,4TŻ5,12.0,0.0,62.3,62.3,0.0
2023/2024,II,5RŻ5,29.0,0.0,54.9,54.9,0.0
2023/2024,II,5TM5,22.0,1.0,61.4,62.9,4.5
2024/2025,I,1M,15.0,1.0,71.3,75.7,6.7
2024/2025,I,1RŻ,18.0,1.0,78.9,80.8,5.6
2024/2025,I,1TMR,19.0,0.0,85.7,85.7,0.0
2024/2025,I,1TW,19.0,1.0,83.0,85.5,5.3
2024/2025,I,2M,22.0,0.0,72.1,72.1,0.0
2024/2025,I,2TMR,25.0,0.0,79.9,79.9,0.0
2024/2025,I,2TR,20.0,0.0,80.1,80.1,0.0
2024/2025,I,2TW,25.0,0.0,77.6,77.6,0.0
2024/2025,I,2TŻ,27.0,3.0,81.0,84.0,11.1
2024/2025,I,3MK,30.0,0.0,69.6,69.6,0.0
2024/2025,I,3TM5,19.0,0.0,74.0,74.0,0.0
2024/2025,I,3TR5,15.0,0.0,72.9,72.9,0.0
2024/2025,I,3TW5,23.0,1.0,76.3,78.0,4.3
2024/2025,I,3TŻ5,20.0,0.0,81.3,81.3,0.0
2024/2025,I,4RŻ5,24.0,0.0,74.9,74.9,0.0
2024/2025,I,4TM5,23.0,0.0,78.9,78.9,0.0
2024/2025,I,4TW5,22.0,4.0,81.7,86.6,18.2
2024/2025,I,5TM5,18.0,0.0,67.9,67.9,0.0
2024/2025,I,5TW5,13.0,1.0,71.8,77.3,7.7
2024/2025,I,5TŻ5,12.0,1.0,76.6,79.0,8.3
2024/2025,II,1M,18.0,0.0,57.0,57.0,0.0
2024/2025,II,1RŻ,19.0,2.0,71.2,76.0,10.5
2024/2025,II,1TMR,20.0,2.0,67.8,72.3,10.0
2024/2025,II,1TW,19.0,2.0,70.1,74.9,10.5
2024/2025,II,2M,23.0,2.0,61.8,66.0,8.7
2024/2025,II,2TMR,25.0,0.0,66.5,66.5,0.0
2024/2025,II,2TR,20.0,0.0,65.3,65.3,0.0
2024/2025,II,2TW,25.0,1.0,65.5,66.9,4.0
2024/2025,II,2TŻ,27.0,2.0,72.8,75.2,7.4
2024/2025,II,3MK,31.0,0.0,56.6,56.6,0.0
2024/2025,II,3TM5,19.0,0.0,56.9,56.9,0.0
2024/2025,II,3TR5,15.0,1.0,63.8,66.5,6.7
2024/2025,II,3TW5,23.0,0.0,61.8,61.8,0.0
2024/2025,II,3TŻ5,20.0,0.0,71.5,71.5,0.0
2024/2025,II,4RŻ5,24.0,0.0,64.0,64.0,0.0
2024/2025,II,4TM5,23.0,0.0,64.3,64.3,0.0
2024/2025,II,4TW5,22.0,2.0,72.8,74.9,9.1
2024/2025,II,5TM5,18.0,0.0,45.1,45.1,0.0
2024/2025,II,5TW5,13.0,2.0,63.2,72.3,15.4
2024/2025,II,5TŻ5,12.0,1.0,60.8,64.0,8.3
2025/2026,I,1M,17.0,0.0,71.7,71.7,0.0
2025/2026,I,1TMR,24.0,2.0,86.9,89.2,8.3
2025/2026,I,1TR,22.0,1.0,84.1,85.8,4.5
2025/2026,I,1TW,28.0,0.0,89.8,89.8,0.0
2025/2026,I,1TŻ,25.0,0.0,83.9,83.9,0.0
2025/2026,I,2M,16.0,0.0,77.5,77.5,0.0
2025/2026,I,2TMŻ,28.0,1.0,79.7,81.1,3.6
2025/2026,I,2TW,19.0,1.0,83.9,85.6,5.3
2025/2026,I,3M,23.0,2.0,62.5,68.3,8.7
2025/2026,I,3TMR,24.0,0.0,68.9,68.9,0.0
2025/2026,I,3TR,20.0,0.0,76.4,76.4,0.0
2025/2026,I,3TW,25.0,2.0,70.5,74.7,8.0
2025/2026,I,3TŻ,26.0,1.0,78.1,79.3,3.8
2025/2026,I,4TM5,19.0,0.0,74.8,74.8,0.0
2025/2026,I,4TR5,14.0,0.0,73.5,73.5,0.0
2025/2026,I,4TW5,22.0,0.0,77.6,77.6,0.0
2025/2026,I,4TŻ5,19.0,0.0,75.4,75.4,0.0
2025/2026,I,5RŻ5,24.0,0.0,74.0,74.0,0.0
2025/2026,I,5TM5,23.0,0.0,67.4,67.4,0.0
2025/2026,I,5TW5,23.0,1.0,71.1,74.1,4.3
2025/2026,II,1M,19.0,0.0,51.9,51.9,0.0
2025/2026,II,1TMR,24.0,0.0,76.6,76.6,0.0
2025/2026,II,1TR,20.0,1.0,70.0,72.5,5.0
2025/2026,II,1TW,26.0,0.0,75.4,75.4,0.0
2025/2026,II,1TŻ,25.0,0.0,68.4,68.4,0.0
2025/2026,II,2M,17.0,1.0,64.3,66.0,5.9
2025/2026,II,2TMŻ,28.0,2.0,64.0,68.6,7.1
2025/2026,II,2TW,19.0,1.0,65.3,66.8,5.3
2025/2026,II,3M,24.0,1.0,52.2,54.5,4.2
2025/2026,II,3TMR,24.0,0.0,55.5,55.5,0.0
2025/2026,II,3TR,20.0,0.0,57.7,57.7,0.0
2025/2026,II,3TW,24.0,1.0,55.1,57.1,4.2
2025/2026,II,3TŻ,25.0,0.0,64.7,64.7,0.0
2025/2026,II,4TM5,19.0,0.0,63.0,63.0,0.0
2025/2026,II,4TR5,14.0,0.0,60.9,60.9,0.0
2025/2026,II,4TW5,22.0,0.0,61.0,61.0,0.0
2025/2026,II,4TŻ5,19.0,1.0,53.4,56.3,5.3
2025/2026,II,5RŻ5,24.0,0.0,59.1,59.1,0.0
2025/2026,II,5TM5,23.0,0.0,48.2,48.2,0.0
2025/2026,II,5TW5,22.0,1.0,60.4,61.3,4.5
